game_id,stand_id,predicted_transaction_count
G2025000,STAND14,358.31360207162567
G2025000,STAND9,355.6177289379038
G2025000,STAND20,355.30455449817043
G2025000,STAND11,354.76545418771474
G2025000,STAND12,354.76545418771474
G2025000,STAND13,354.76545418771474
G2025000,STAND15,354.76545418771474
G2025000,STAND16,354.76545418771474
G2025000,STAND18,354.76545418771474
G2025000,STAND19,354.76545418771474
G2025000,STAND21,354.76545418771474
G2025000,STAND24,354.76545418771474
G2025000,STAND3,354.76545418771474
G2025000,STAND4,354.76545418771474
G2025000,STAND5,354.76545418771474
G2025000,STAND6,354.76545418771474
G2025000,STAND7,354.76545418771474
G2025000,STAND8,354.76545418771474
G2025000,STAND2,354.6990415111841
G2025000,STAND22,354.05123633862553
G2025000,STAND23,353.55588897032345
G2025000,STAND10,353.4648722359254
G2025000,STAND17,352.898167819367
G2025000,STAND1,349.2380829813997
G2025001,STAND22,357.2762024554523
G2025001,STAND11,356.730259361732
G2025001,STAND12,356.730259361732
G2025001,STAND13,356.730259361732
G2025001,STAND15,356.730259361732
G2025001,STAND16,356.730259361732
G2025001,STAND17,356.730259361732
G2025001,STAND18,356.730259361732
G2025001,STAND19,356.730259361732
G2025001,STAND20,356.730259361732
G2025001,STAND21,356.730259361732
G2025001,STAND23,356.730259361732
G2025001,STAND24,356.730259361732
G2025001,STAND4,356.730259361732
G2025001,STAND5,356.730259361732
G2025001,STAND6,356.730259361732
G2025001,STAND7,356.730259361732
G2025001,STAND9,356.730259361732
G2025001,STAND14,356.60081029875454
G2025001,STAND2,356.5708066242034
G2025001,STAND3,355.5843857042302
G2025001,STAND8,355.2862545278725
G2025001,STAND10,355.04852972666777
G2025001,STAND1,354.86699903110684
G2025002,STAND9,416.91991006593275
G2025002,STAND2,415.53532034998295
G2025002,STAND1,415.3686119773073
G2025002,STAND10,415.3686119773073
G2025002,STAND11,415.3686119773073
G2025002,STAND12,415.3686119773073
G2025002,STAND14,415.3686119773073
G2025002,STAND15,415.3686119773073
G2025002,STAND17,415.3686119773073
G2025002,STAND18,415.3686119773073
G2025002,STAND19,415.3686119773073
G2025002,STAND20,415.3686119773073
G2025002,STAND21,415.3686119773073
G2025002,STAND22,415.3686119773073
G2025002,STAND23,415.3686119773073
G2025002,STAND24,415.3686119773073
G2025002,STAND3,415.3686119773073
G2025002,STAND4,415.3686119773073
G2025002,STAND5,415.3686119773073
G2025002,STAND7,415.3686119773073
G2025002,STAND16,415.0140789181668
G2025002,STAND13,414.6838608075724
G2025002,STAND8,413.5005236336287
G2025002,STAND6,412.4945416244842
G2025003,STAND13,390.2919115144123
G2025003,STAND10,386.92994344131415
G2025003,STAND11,386.92994344131415
G2025003,STAND12,386.92994344131415
G2025003,STAND15,386.92994344131415
G2025003,STAND16,386.92994344131415
G2025003,STAND17,386.92994344131415
G2025003,STAND18,386.92994344131415
G2025003,STAND19,386.92994344131415
G2025003,STAND20,386.92994344131415
G2025003,STAND21,386.92994344131415
G2025003,STAND22,386.92994344131415
G2025003,STAND24,386.92994344131415
G2025003,STAND3,386.92994344131415
G2025003,STAND4,386.92994344131415
G2025003,STAND5,386.92994344131415
G2025003,STAND6,386.92994344131415
G2025003,STAND7,386.92994344131415
G2025003,STAND9,386.92994344131415
G2025003,STAND1,386.7314903841465
G2025003,STAND14,386.5641231515455
G2025003,STAND8,386.1275155439526
G2025003,STAND2,386.00472334332073
G2025003,STAND23,384.95805927308476
G2025004,STAND2,470.42064632694576
G2025004,STAND23,464.53604069975125
G2025004,STAND10,464.4224378323209
G2025004,STAND5,464.26061534630617
G2025004,STAND14,464.13416169461044
G2025004,STAND9,464.07784447595424
G2025004,STAND20,463.8772339168117
G2025004,STAND17,463.7895827449675
G2025004,STAND11,463.6747482914056
G2025004,STAND12,463.6747482914056
G2025004,STAND13,463.6747482914056
G2025004,STAND15,463.6747482914056
G2025004,STAND16,463.6747482914056
G2025004,STAND22,463.6747482914056
G2025004,STAND24,463.6747482914056
G2025004,STAND3,463.6747482914056
G2025004,STAND6,463.6747482914056
G2025004,STAND7,463.6747482914056
G2025004,STAND8,463.6747482914056
G2025004,STAND19,463.09044554002094
G2025004,STAND4,462.4310261945884
G2025004,STAND21,460.0417813460253
G2025004,STAND1,459.07395238816827
G2025004,STAND18,454.96616306200355
G2025005,STAND12,411.2864174885441
G2025005,STAND15,411.003830667294
G2025005,STAND13,410.8770270118983
G2025005,STAND19,409.9516830814042
G2025005,STAND4,409.6349774705716
G2025005,STAND9,409.62791647313344
G2025005,STAND1,408.93616312279545
G2025005,STAND10,408.93616312279545
G2025005,STAND11,408.93616312279545
G2025005,STAND14,408.93616312279545
G2025005,STAND16,408.93616312279545
G2025005,STAND18,408.93616312279545
G2025005,STAND2,408.93616312279545
G2025005,STAND20,408.93616312279545
G2025005,STAND21,408.93616312279545
G2025005,STAND24,408.93616312279545
G2025005,STAND3,408.93616312279545
G2025005,STAND5,408.93616312279545
G2025005,STAND6,408.93616312279545
G2025005,STAND7,408.93616312279545
G2025005,STAND8,408.6313430071165
G2025005,STAND23,407.4717752631696
G2025005,STAND22,406.8444357488825
G2025005,STAND17,405.871578826769
G2025006,STAND2,360.6366593557282
G2025006,STAND22,356.4165548972421
G2025006,STAND11,355.87061180352185
G2025006,STAND12,355.87061180352185
G2025006,STAND13,355.87061180352185
G2025006,STAND15,355.87061180352185
G2025006,STAND16,355.87061180352185
G2025006,STAND17,355.87061180352185
G2025006,STAND18,355.87061180352185
G2025006,STAND19,355.87061180352185
G2025006,STAND20,355.87061180352185
G2025006,STAND21,355.87061180352185
G2025006,STAND23,355.87061180352185
G2025006,STAND24,355.87061180352185
G2025006,STAND4,355.87061180352185
G2025006,STAND5,355.87061180352185
G2025006,STAND6,355.87061180352185
G2025006,STAND7,355.87061180352185
G2025006,STAND9,355.87061180352185
G2025006,STAND14,355.7411627405444
G2025006,STAND3,354.72473814602006
G2025006,STAND8,354.4266069696623
G2025006,STAND10,354.1888821684576
G2025006,STAND1,354.0073514728967
G2025007,STAND8,450.7532731679964
G2025007,STAND13,450.7356699594513
G2025007,STAND6,446.5972153654526
G2025007,STAND1,446.2570525999228
G2025007,STAND10,446.2570525999228
G2025007,STAND11,446.2570525999228
G2025007,STAND12,446.2570525999228
G2025007,STAND14,446.2570525999228
G2025007,STAND15,446.2570525999228
G2025007,STAND16,446.2570525999228
G2025007,STAND17,446.2570525999228
G2025007,STAND18,446.2570525999228
G2025007,STAND19,446.2570525999228
G2025007,STAND2,446.2570525999228
G2025007,STAND20,446.2570525999228
G2025007,STAND21,446.2570525999228
G2025007,STAND22,446.2570525999228
G2025007,STAND23,446.2570525999228
G2025007,STAND24,446.2570525999228
G2025007,STAND3,446.2570525999228
G2025007,STAND4,446.2570525999228
G2025007,STAND5,446.2570525999228
G2025007,STAND7,446.2570525999228
G2025007,STAND9,446.2570525999228
G2025008,STAND2,397.9559700061096
G2025008,STAND14,395.587743128795
G2025008,STAND10,394.92452287154265
G2025008,STAND11,394.92452287154265
G2025008,STAND12,394.92452287154265
G2025008,STAND13,394.92452287154265
G2025008,STAND15,394.92452287154265
G2025008,STAND16,394.92452287154265
G2025008,STAND17,394.92452287154265
G2025008,STAND18,394.92452287154265
G2025008,STAND19,394.92452287154265
G2025008,STAND20,394.92452287154265
G2025008,STAND21,394.92452287154265
G2025008,STAND22,394.92452287154265
G2025008,STAND24,394.92452287154265
G2025008,STAND3,394.92452287154265
G2025008,STAND4,394.92452287154265
G2025008,STAND5,394.92452287154265
G2025008,STAND6,394.92452287154265
G2025008,STAND7,394.92452287154265
G2025008,STAND9,394.92452287154265
G2025008,STAND1,394.726069814375
G2025008,STAND8,394.4778043619925
G2025008,STAND23,393.5036492151205
G2025009,STAND20,398.72443228114594
G2025009,STAND14,397.68653065406863
G2025009,STAND11,396.83261926741676
G2025009,STAND12,396.83261926741676
G2025009,STAND13,396.83261926741676
G2025009,STAND15,396.83261926741676
G2025009,STAND16,396.83261926741676
G2025009,STAND18,396.83261926741676
G2025009,STAND19,396.83261926741676
G2025009,STAND21,396.83261926741676
G2025009,STAND23,396.83261926741676
G2025009,STAND24,396.83261926741676
G2025009,STAND3,396.83261926741676
G2025009,STAND4,396.83261926741676
G2025009,STAND5,396.83261926741676
G2025009,STAND6,396.83261926741676
G2025009,STAND7,396.83261926741676
G2025009,STAND8,396.83261926741676
G2025009,STAND22,396.77113438417274
G2025009,STAND2,396.7662065908861
G2025009,STAND10,395.5320373156274
G2025009,STAND17,393.9765925757615
G2025009,STAND1,393.72950823958024
G2025009,STAND9,384.9711412630316
G2025010,STAND12,477.12812498704994
G2025010,STAND9,476.51760906836563
G2025010,STAND13,476.0831478007392
G2025010,STAND4,475.19063243087663
G2025010,STAND19,475.1578038702451
G2025010,STAND17,474.3704095870523
G2025010,STAND1,474.14228391163635
G2025010,STAND10,474.14228391163635
G2025010,STAND11,474.14228391163635
G2025010,STAND14,474.14228391163635
G2025010,STAND15,474.14228391163635
G2025010,STAND16,474.14228391163635
G2025010,STAND2,474.14228391163635
G2025010,STAND20,474.14228391163635
G2025010,STAND21,474.14228391163635
G2025010,STAND24,474.14228391163635
G2025010,STAND3,474.14228391163635
G2025010,STAND5,474.14228391163635
G2025010,STAND6,474.14228391163635
G2025010,STAND7,474.14228391163635
G2025010,STAND8,473.62390828973344
G2025010,STAND18,472.1467185931453
G2025010,STAND23,470.52514237694646
G2025010,STAND22,469.89700210668695
G2025011,STAND2,362.40435880833064
G2025011,STAND22,362.35478711340625
G2025011,STAND11,361.808844019686
G2025011,STAND12,361.808844019686
G2025011,STAND13,361.808844019686
G2025011,STAND15,361.808844019686
G2025011,STAND16,361.808844019686
G2025011,STAND17,361.808844019686
G2025011,STAND18,361.808844019686
G2025011,STAND19,361.808844019686
G2025011,STAND20,361.808844019686
G2025011,STAND21,361.808844019686
G2025011,STAND24,361.808844019686
G2025011,STAND4,361.808844019686
G2025011,STAND5,361.808844019686
G2025011,STAND6,361.808844019686
G2025011,STAND7,361.808844019686
G2025011,STAND9,361.808844019686
G2025011,STAND14,361.6793949567085
G2025011,STAND1,360.8132284416039
G2025011,STAND3,360.6629703621842
G2025011,STAND8,359.877564499503
G2025011,STAND10,354.79752677004967
G2025011,STAND23,343.55392781151977
G2025012,STAND21,484.7307107928528
G2025012,STAND13,482.8030344855521
G2025012,STAND2,478.6922712875877
G2025012,STAND6,478.6442939316014
G2025012,STAND1,478.52556291491203
G2025012,STAND10,478.52556291491203
G2025012,STAND11,478.52556291491203
G2025012,STAND12,478.52556291491203
G2025012,STAND14,478.52556291491203
G2025012,STAND15,478.52556291491203
G2025012,STAND17,478.52556291491203
G2025012,STAND18,478.52556291491203
G2025012,STAND19,478.52556291491203
G2025012,STAND20,478.52556291491203
G2025012,STAND22,478.52556291491203
G2025012,STAND24,478.52556291491203
G2025012,STAND3,478.52556291491203
G2025012,STAND4,478.52556291491203
G2025012,STAND5,478.52556291491203
G2025012,STAND7,478.52556291491203
G2025012,STAND9,478.52556291491203
G2025012,STAND16,478.1710298557715
G2025012,STAND23,476.2424474044191
G2025012,STAND8,468.9803133076393
G2025013,STAND2,394.14098878700725
G2025013,STAND17,390.3715763201608
G2025013,STAND10,389.1525251279726
G2025013,STAND11,389.1525251279726
G2025013,STAND12,389.1525251279726
G2025013,STAND13,389.1525251279726
G2025013,STAND15,389.1525251279726
G2025013,STAND16,389.1525251279726
G2025013,STAND18,389.1525251279726
G2025013,STAND19,389.1525251279726
G2025013,STAND20,389.1525251279726
G2025013,STAND22,389.1525251279726
G2025013,STAND24,389.1525251279726
G2025013,STAND3,389.1525251279726
G2025013,STAND4,389.1525251279726
G2025013,STAND5,389.1525251279726
G2025013,STAND6,389.1525251279726
G2025013,STAND7,389.1525251279726
G2025013,STAND9,389.1525251279726
G2025013,STAND8,388.70580661842246
G2025013,STAND14,388.68410153509404
G2025013,STAND21,387.8908285716459
G2025013,STAND23,387.73165147155044
G2025013,STAND1,381.4994483699133
G2025014,STAND20,398.72443228114594
G2025014,STAND14,397.68653065406863
G2025014,STAND11,396.83261926741676
G2025014,STAND12,396.83261926741676
G2025014,STAND13,396.83261926741676
G2025014,STAND15,396.83261926741676
G2025014,STAND16,396.83261926741676
G2025014,STAND18,396.83261926741676
G2025014,STAND19,396.83261926741676
G2025014,STAND21,396.83261926741676
G2025014,STAND23,396.83261926741676
G2025014,STAND24,396.83261926741676
G2025014,STAND3,396.83261926741676
G2025014,STAND4,396.83261926741676
G2025014,STAND5,396.83261926741676
G2025014,STAND6,396.83261926741676
G2025014,STAND7,396.83261926741676
G2025014,STAND8,396.83261926741676
G2025014,STAND22,396.77113438417274
G2025014,STAND2,396.7662065908861
G2025014,STAND10,395.5320373156274
G2025014,STAND17,393.9765925757615
G2025014,STAND1,393.72950823958024
G2025014,STAND9,384.9711412630316
G2025015,STAND23,437.0685179998783
G2025015,STAND12,435.0508125226374
G2025015,STAND4,434.3603580316586
G2025015,STAND19,434.3183833960963
G2025015,STAND9,433.9946167878255
G2025015,STAND1,433.30286343748753
G2025015,STAND10,433.30286343748753
G2025015,STAND11,433.30286343748753
G2025015,STAND13,433.30286343748753
G2025015,STAND14,433.30286343748753
G2025015,STAND15,433.30286343748753
G2025015,STAND16,433.30286343748753
G2025015,STAND2,433.30286343748753
G2025015,STAND20,433.30286343748753
G2025015,STAND21,433.30286343748753
G2025015,STAND24,433.30286343748753
G2025015,STAND3,433.30286343748753
G2025015,STAND5,433.30286343748753
G2025015,STAND6,433.30286343748753
G2025015,STAND7,433.30286343748753
G2025015,STAND8,432.9980433218086
G2025015,STAND22,431.07991077678753
G2025015,STAND17,430.2382791414611
G2025015,STAND18,415.63393540982133
G2025016,STAND2,437.28960320414876
G2025016,STAND10,433.7516297094763
G2025016,STAND11,432.9155940359256
G2025016,STAND12,432.9155940359256
G2025016,STAND13,432.9155940359256
G2025016,STAND15,432.9155940359256
G2025016,STAND16,432.9155940359256
G2025016,STAND17,432.9155940359256
G2025016,STAND18,432.9155940359256
G2025016,STAND19,432.9155940359256
G2025016,STAND20,432.9155940359256
G2025016,STAND21,432.9155940359256
G2025016,STAND23,432.9155940359256
G2025016,STAND24,432.9155940359256
G2025016,STAND4,432.9155940359256
G2025016,STAND5,432.9155940359256
G2025016,STAND6,432.9155940359256
G2025016,STAND7,432.9155940359256
G2025016,STAND9,432.9155940359256
G2025016,STAND14,432.78614497294814
G2025016,STAND3,431.7697203784238
G2025016,STAND8,431.47158920206607
G2025016,STAND1,430.4389289821438
G2025016,STAND22,426.5510324746284
G2025017,STAND6,374.9493777550484
G2025017,STAND2,374.55204808130816
G2025017,STAND1,374.3853397086325
G2025017,STAND10,374.3853397086325
G2025017,STAND11,374.3853397086325
G2025017,STAND12,374.3853397086325
G2025017,STAND14,374.3853397086325
G2025017,STAND15,374.3853397086325
G2025017,STAND18,374.3853397086325
G2025017,STAND19,374.3853397086325
G2025017,STAND20,374.3853397086325
G2025017,STAND21,374.3853397086325
G2025017,STAND22,374.3853397086325
G2025017,STAND23,374.3853397086325
G2025017,STAND24,374.3853397086325
G2025017,STAND3,374.3853397086325
G2025017,STAND4,374.3853397086325
G2025017,STAND5,374.3853397086325
G2025017,STAND7,374.3853397086325
G2025017,STAND16,374.030806649492
G2025017,STAND13,373.64292633620585
G2025017,STAND17,372.67828878795734
G2025017,STAND8,372.4499593268541
G2025017,STAND9,359.88517274327506
G2025018,STAND12,425.66592289812917
G2025018,STAND4,424.9663223322196
G2025018,STAND2,424.19461255459254
G2025018,STAND9,424.040802736247
G2025018,STAND1,423.9179738129793
G2025018,STAND10,423.9179738129793
G2025018,STAND11,423.9179738129793
G2025018,STAND13,423.9179738129793
G2025018,STAND14,423.9179738129793
G2025018,STAND15,423.9179738129793
G2025018,STAND16,423.9179738129793
G2025018,STAND19,423.9179738129793
G2025018,STAND20,423.9179738129793
G2025018,STAND21,423.9179738129793
G2025018,STAND24,423.9179738129793
G2025018,STAND3,423.9179738129793
G2025018,STAND5,423.9179738129793
G2025018,STAND6,423.9179738129793
G2025018,STAND7,423.9179738129793
G2025018,STAND8,423.6131536973004
G2025018,STAND23,423.53116756872214
G2025018,STAND17,421.9938422699212
G2025018,STAND18,421.0513968628046
G2025018,STAND22,417.63831066578786
G2025019,STAND13,450.023079475861
G2025019,STAND8,449.3468036289887
G2025019,STAND20,449.1275871457125
G2025019,STAND14,449.0674515680645
G2025019,STAND10,448.4042313108121
G2025019,STAND12,448.4042313108121
G2025019,STAND15,448.4042313108121
G2025019,STAND16,448.4042313108121
G2025019,STAND17,448.4042313108121
G2025019,STAND18,448.4042313108121
G2025019,STAND19,448.4042313108121
G2025019,STAND21,448.4042313108121
G2025019,STAND22,448.4042313108121
G2025019,STAND24,448.4042313108121
G2025019,STAND3,448.4042313108121
G2025019,STAND4,448.4042313108121
G2025019,STAND5,448.4042313108121
G2025019,STAND6,448.4042313108121
G2025019,STAND7,448.4042313108121
G2025019,STAND9,448.4042313108121
G2025019,STAND1,448.2057782536445
G2025019,STAND2,448.19454708735043
G2025019,STAND23,447.05759130600484
G2025019,STAND11,445.0728672965022
G2025020,STAND18,450.6256618075577
G2025020,STAND19,449.3783250553481
G2025020,STAND14,449.0022511257604
G2025020,STAND20,448.7019911237574
G2025020,STAND10,448.0340008970185
G2025020,STAND11,447.46628014908123
G2025020,STAND12,447.46628014908123
G2025020,STAND13,447.46628014908123
G2025020,STAND15,447.46628014908123
G2025020,STAND16,447.46628014908123
G2025020,STAND23,447.46628014908123
G2025020,STAND24,447.46628014908123
G2025020,STAND3,447.46628014908123
G2025020,STAND4,447.46628014908123
G2025020,STAND5,447.46628014908123
G2025020,STAND6,447.46628014908123
G2025020,STAND7,447.46628014908123
G2025020,STAND8,447.46628014908123
G2025020,STAND22,447.4047952658372
G2025020,STAND2,447.39986747255057
G2025020,STAND9,446.98369349573466
G2025020,STAND17,446.83522998919386
G2025020,STAND21,445.9726494496379
G2025020,STAND1,444.1551622504806
G2025021,STAND13,435.3465302011792
G2025021,STAND6,431.3753715538347
G2025021,STAND2,431.2357670032148
G2025021,STAND1,431.06905863053913
G2025021,STAND10,431.06905863053913
G2025021,STAND11,431.06905863053913
G2025021,STAND12,431.06905863053913
G2025021,STAND14,431.06905863053913
G2025021,STAND15,431.06905863053913
G2025021,STAND17,431.06905863053913
G2025021,STAND18,431.06905863053913
G2025021,STAND19,431.06905863053913
G2025021,STAND20,431.06905863053913
G2025021,STAND21,431.06905863053913
G2025021,STAND22,431.06905863053913
G2025021,STAND24,431.06905863053913
G2025021,STAND3,431.06905863053913
G2025021,STAND4,431.06905863053913
G2025021,STAND5,431.06905863053913
G2025021,STAND7,431.06905863053913
G2025021,STAND9,431.06905863053913
G2025021,STAND16,430.7145255713986
G2025021,STAND8,429.2009702868605
G2025021,STAND23,428.7859431200462
G2025022,STAND22,366.407074422026
G2025022,STAND15,365.91991441458924
G2025022,STAND9,365.0398287476274
G2025022,STAND12,364.5286882110275
G2025022,STAND23,364.3022693143355
G2025022,STAND2,364.12888561170394
G2025022,STAND1,363.8522468700907
G2025022,STAND10,363.8522468700907
G2025022,STAND11,363.8522468700907
G2025022,STAND13,363.8522468700907
G2025022,STAND14,363.8522468700907
G2025022,STAND16,363.8522468700907
G2025022,STAND18,363.8522468700907
G2025022,STAND19,363.8522468700907
G2025022,STAND20,363.8522468700907
G2025022,STAND21,363.8522468700907
G2025022,STAND24,363.8522468700907
G2025022,STAND3,363.8522468700907
G2025022,STAND5,363.8522468700907
G2025022,STAND6,363.8522468700907
G2025022,STAND7,363.8522468700907
G2025022,STAND8,363.5474267544118
G2025022,STAND4,360.86407009414853
G2025022,STAND17,360.78766257406426
G2025023,STAND2,455.1547558319916
G2025023,STAND22,452.0147974971997
G2025023,STAND10,451.4217443112957
G2025023,STAND14,451.2939245413718
G2025023,STAND11,450.99617847199426
G2025023,STAND12,450.99617847199426
G2025023,STAND13,450.99617847199426
G2025023,STAND15,450.99617847199426
G2025023,STAND16,450.99617847199426
G2025023,STAND17,450.99617847199426
G2025023,STAND18,450.99617847199426
G2025023,STAND19,450.99617847199426
G2025023,STAND20,450.99617847199426
G2025023,STAND21,450.99617847199426
G2025023,STAND23,450.99617847199426
G2025023,STAND24,450.99617847199426
G2025023,STAND4,450.99617847199426
G2025023,STAND5,450.99617847199426
G2025023,STAND6,450.99617847199426
G2025023,STAND7,450.99617847199426
G2025023,STAND9,450.99617847199426
G2025023,STAND3,449.85030481449246
G2025023,STAND8,448.76891985807185
G2025023,STAND1,447.03039350576347
G2025024,STAND13,430.6990640007439
G2025024,STAND6,425.69777399577
G2025024,STAND2,425.55816944515004
G2025024,STAND1,425.3914610724744
G2025024,STAND10,425.3914610724744
G2025024,STAND11,425.3914610724744
G2025024,STAND12,425.3914610724744
G2025024,STAND14,425.3914610724744
G2025024,STAND15,425.3914610724744
G2025024,STAND17,425.3914610724744
G2025024,STAND18,425.3914610724744
G2025024,STAND19,425.3914610724744
G2025024,STAND20,425.3914610724744
G2025024,STAND21,425.3914610724744
G2025024,STAND22,425.3914610724744
G2025024,STAND23,425.3914610724744
G2025024,STAND24,425.3914610724744
G2025024,STAND3,425.3914610724744
G2025024,STAND4,425.3914610724744
G2025024,STAND5,425.3914610724744
G2025024,STAND7,425.3914610724744
G2025024,STAND9,425.3914610724744
G2025024,STAND16,425.03692801333386
G2025024,STAND8,423.5233727287958
G2025025,STAND18,422.9719191796225
G2025025,STAND21,421.1900576474518
G2025025,STAND23,419.3786293328116
G2025025,STAND19,417.7323640998979
G2025025,STAND14,416.8506717790588
G2025025,STAND10,415.9212214239774
G2025025,STAND11,415.9212214239774
G2025025,STAND12,415.9212214239774
G2025025,STAND13,415.9212214239774
G2025025,STAND16,415.9212214239774
G2025025,STAND17,415.9212214239774
G2025025,STAND20,415.9212214239774
G2025025,STAND22,415.9212214239774
G2025025,STAND24,415.9212214239774
G2025025,STAND3,415.9212214239774
G2025025,STAND4,415.9212214239774
G2025025,STAND5,415.9212214239774
G2025025,STAND6,415.9212214239774
G2025025,STAND7,415.9212214239774
G2025025,STAND1,415.72276836680976
G2025025,STAND2,415.4532938427576
G2025025,STAND8,415.397354146012
G2025025,STAND15,413.38846777351426
G2025025,STAND9,410.286760788118
G2025026,STAND2,438.7920454868006
G2025026,STAND20,433.3850456217493
G2025026,STAND23,432.9074398596061
G2025026,STAND5,432.632014506161
G2025026,STAND14,432.5765896396042
G2025026,STAND11,432.0461474512604
G2025026,STAND12,432.0461474512604
G2025026,STAND13,432.0461474512604
G2025026,STAND15,432.0461474512604
G2025026,STAND16,432.0461474512604
G2025026,STAND22,432.0461474512604
G2025026,STAND24,432.0461474512604
G2025026,STAND3,432.0461474512604
G2025026,STAND6,432.0461474512604
G2025026,STAND7,432.0461474512604
G2025026,STAND8,432.0461474512604
G2025026,STAND9,431.78490703213555
G2025026,STAND10,431.4735084713012
G2025026,STAND19,431.46184469987577
G2025026,STAND4,430.8024253544433
G2025026,STAND17,430.19236112290196
G2025026,STAND21,428.4131805058801
G2025026,STAND1,427.98227333901053
G2025026,STAND18,423.3375622218584
G2025027,STAND6,381.04078289123186
G2025027,STAND13,379.0442374760048
G2025027,STAND12,378.82490380026223
G2025027,STAND19,378.09247467372114
G2025027,STAND9,377.76870806545037
G2025027,STAND4,377.44218507747684
G2025027,STAND1,377.0769547151124
G2025027,STAND10,377.0769547151124
G2025027,STAND11,377.0769547151124
G2025027,STAND14,377.0769547151124
G2025027,STAND15,377.0769547151124
G2025027,STAND16,377.0769547151124
G2025027,STAND18,377.0769547151124
G2025027,STAND2,377.0769547151124
G2025027,STAND20,377.0769547151124
G2025027,STAND21,377.0769547151124
G2025027,STAND24,377.0769547151124
G2025027,STAND3,377.0769547151124
G2025027,STAND5,377.0769547151124
G2025027,STAND8,376.77213459943346
G2025027,STAND23,376.6901484708552
G2025027,STAND7,375.4354211075443
G2025027,STAND22,374.8540020544124
G2025027,STAND17,373.06901802886284
G2025028,STAND22,345.6907006273775
G2025028,STAND11,344.56962042541545
G2025028,STAND12,344.56962042541545
G2025028,STAND13,344.56962042541545
G2025028,STAND15,344.56962042541545
G2025028,STAND16,344.56962042541545
G2025028,STAND17,344.56962042541545
G2025028,STAND18,344.56962042541545
G2025028,STAND19,344.56962042541545
G2025028,STAND20,344.56962042541545
G2025028,STAND21,344.56962042541545
G2025028,STAND23,344.56962042541545
G2025028,STAND24,344.56962042541545
G2025028,STAND4,344.56962042541545
G2025028,STAND5,344.56962042541545
G2025028,STAND6,344.56962042541545
G2025028,STAND7,344.56962042541545
G2025028,STAND9,344.56962042541545
G2025028,STAND14,344.440171362438
G2025028,STAND2,344.4101676878868
G2025028,STAND3,343.42374676791366
G2025028,STAND8,343.1256155915559
G2025028,STAND1,342.9020742987964
G2025028,STAND10,342.8878907903512
G2025029,STAND21,440.8091564365088
G2025029,STAND13,437.72082061379615
G2025029,STAND2,434.77071693124367
G2025029,STAND6,434.72273957525744
G2025029,STAND1,434.604008558568
G2025029,STAND10,434.604008558568
G2025029,STAND11,434.604008558568
G2025029,STAND12,434.604008558568
G2025029,STAND14,434.604008558568
G2025029,STAND15,434.604008558568
G2025029,STAND17,434.604008558568
G2025029,STAND18,434.604008558568
G2025029,STAND19,434.604008558568
G2025029,STAND20,434.604008558568
G2025029,STAND22,434.604008558568
G2025029,STAND24,434.604008558568
G2025029,STAND3,434.604008558568
G2025029,STAND4,434.604008558568
G2025029,STAND5,434.604008558568
G2025029,STAND7,434.604008558568
G2025029,STAND9,434.604008558568
G2025029,STAND16,434.2494754994275
G2025029,STAND8,432.54833830828323
G2025029,STAND23,432.3208930480751
G2025030,STAND21,417.01601540782974
G2025030,STAND13,401.0945286885667
G2025030,STAND2,399.0195849413848
G2025030,STAND8,398.2539959179913
G2025030,STAND10,397.73256061546857
G2025030,STAND12,397.73256061546857
G2025030,STAND15,397.73256061546857
G2025030,STAND16,397.73256061546857
G2025030,STAND17,397.73256061546857
G2025030,STAND18,397.73256061546857
G2025030,STAND19,397.73256061546857
G2025030,STAND20,397.73256061546857
G2025030,STAND22,397.73256061546857
G2025030,STAND24,397.73256061546857
G2025030,STAND3,397.73256061546857
G2025030,STAND4,397.73256061546857
G2025030,STAND5,397.73256061546857
G2025030,STAND6,397.73256061546857
G2025030,STAND7,397.73256061546857
G2025030,STAND9,397.73256061546857
G2025030,STAND14,396.23509647556904
G2025030,STAND23,395.7606764472392
G2025030,STAND11,393.39948774466677
G2025030,STAND1,390.0794838574093
G2025031,STAND19,347.7316344147538
G2025031,STAND9,341.4874086702232
G2025031,STAND11,340.63513392003415
G2025031,STAND12,340.63513392003415
G2025031,STAND13,340.63513392003415
G2025031,STAND15,340.63513392003415
G2025031,STAND16,340.63513392003415
G2025031,STAND18,340.63513392003415
G2025031,STAND21,340.63513392003415
G2025031,STAND23,340.63513392003415
G2025031,STAND24,340.63513392003415
G2025031,STAND3,340.63513392003415
G2025031,STAND4,340.63513392003415
G2025031,STAND5,340.63513392003415
G2025031,STAND6,340.63513392003415
G2025031,STAND7,340.63513392003415
G2025031,STAND8,340.63513392003415
G2025031,STAND22,340.57364903679013
G2025031,STAND2,340.5687212435035
G2025031,STAND14,339.25463250425804
G2025031,STAND17,338.368041075805
G2025031,STAND20,338.2923174298016
G2025031,STAND1,337.53202289219763
G2025031,STAND10,333.7885183545061
G2025032,STAND3,331.29360643545067
G2025032,STAND4,329.85760007914536
G2025032,STAND9,329.8505390817072
G2025032,STAND8,329.31462959309306
G2025032,STAND1,329.1587857313692
G2025032,STAND10,329.1587857313692
G2025032,STAND11,329.1587857313692
G2025032,STAND13,329.1587857313692
G2025032,STAND14,329.1587857313692
G2025032,STAND15,329.1587857313692
G2025032,STAND16,329.1587857313692
G2025032,STAND18,329.1587857313692
G2025032,STAND2,329.1587857313692
G2025032,STAND20,329.1587857313692
G2025032,STAND21,329.1587857313692
G2025032,STAND24,329.1587857313692
G2025032,STAND5,329.1587857313692
G2025032,STAND6,329.1587857313692
G2025032,STAND7,329.1587857313692
G2025032,STAND19,329.123081348829
G2025032,STAND23,327.76559629591105
G2025032,STAND22,326.9358330706692
G2025032,STAND12,326.5900054217499
G2025032,STAND17,326.09420143534277
G2025033,STAND2,487.2002243908662
G2025033,STAND10,484.5758030006466
G2025033,STAND14,484.1781096690264
G2025033,STAND11,483.8803635996489
G2025033,STAND12,483.8803635996489
G2025033,STAND13,483.8803635996489
G2025033,STAND15,483.8803635996489
G2025033,STAND16,483.8803635996489
G2025033,STAND17,483.8803635996489
G2025033,STAND18,483.8803635996489
G2025033,STAND19,483.8803635996489
G2025033,STAND20,483.8803635996489
G2025033,STAND21,483.8803635996489
G2025033,STAND24,483.8803635996489
G2025033,STAND4,483.8803635996489
G2025033,STAND5,483.8803635996489
G2025033,STAND6,483.8803635996489
G2025033,STAND7,483.8803635996489
G2025033,STAND9,483.8803635996489
G2025033,STAND22,483.8634985635088
G2025033,STAND3,482.7344899421471
G2025033,STAND8,482.44614245092623
G2025033,STAND23,481.34112446921415
G2025033,STAND1,479.4395729906029
G2025034,STAND21,431.9685689578708
G2025034,STAND1,430.38993400560236
G2025034,STAND13,430.0969898439108
G2025034,STAND19,430.08309499297354
G2025034,STAND6,427.25481556370346
G2025034,STAND2,425.9301294526057
G2025034,STAND10,425.76342107993
G2025034,STAND11,425.76342107993
G2025034,STAND12,425.76342107993
G2025034,STAND14,425.76342107993
G2025034,STAND15,425.76342107993
G2025034,STAND17,425.76342107993
G2025034,STAND18,425.76342107993
G2025034,STAND20,425.76342107993
G2025034,STAND22,425.76342107993
G2025034,STAND24,425.76342107993
G2025034,STAND3,425.76342107993
G2025034,STAND4,425.76342107993
G2025034,STAND5,425.76342107993
G2025034,STAND7,425.76342107993
G2025034,STAND9,425.76342107993
G2025034,STAND16,425.4088880207895
G2025034,STAND8,423.70775082964525
G2025034,STAND23,423.4803055694371
G2025035,STAND13,326.6166051269033
G2025035,STAND2,323.5649765677982
G2025035,STAND21,323.34235275532814
G2025035,STAND19,322.203293081442
G2025035,STAND23,322.12788894437284
G2025035,STAND15,321.10226070167965
G2025035,STAND20,320.9718480623676
G2025035,STAND10,320.24849222746724
G2025035,STAND11,320.24849222746724
G2025035,STAND12,320.24849222746724
G2025035,STAND16,320.24849222746724
G2025035,STAND17,320.24849222746724
G2025035,STAND18,320.24849222746724
G2025035,STAND22,320.24849222746724
G2025035,STAND24,320.24849222746724
G2025035,STAND3,320.24849222746724
G2025035,STAND4,320.24849222746724
G2025035,STAND5,320.24849222746724
G2025035,STAND6,320.24849222746724
G2025035,STAND7,320.24849222746724
G2025035,STAND9,320.24849222746724
G2025035,STAND14,320.1230548450556
G2025035,STAND1,320.0500391702996
G2025035,STAND8,319.1780160406399
G2025036,STAND14,338.07571165843405
G2025036,STAND18,335.5059688311296
G2025036,STAND15,334.23174604404164
G2025036,STAND20,333.83550034000456
G2025036,STAND9,333.6816750907069
G2025036,STAND17,333.53816391164355
G2025036,STAND11,333.29640002954886
G2025036,STAND12,333.29640002954886
G2025036,STAND13,333.29640002954886
G2025036,STAND16,333.29640002954886
G2025036,STAND19,333.29640002954886
G2025036,STAND23,333.29640002954886
G2025036,STAND24,333.29640002954886
G2025036,STAND3,333.29640002954886
G2025036,STAND4,333.29640002954886
G2025036,STAND5,333.29640002954886
G2025036,STAND6,333.29640002954886
G2025036,STAND7,333.29640002954886
G2025036,STAND8,333.29640002954886
G2025036,STAND2,333.2299873530182
G2025036,STAND22,332.58218218045965
G2025036,STAND10,331.9958180777595
G2025036,STAND21,331.80276933010555
G2025036,STAND1,329.98528213094824
G2025037,STAND15,318.84294350804646
G2025037,STAND17,317.7758596297966
G2025037,STAND24,317.15613518462544
G2025037,STAND19,316.7970002456233
G2025037,STAND9,316.5701615397222
G2025037,STAND4,315.9710545196899
G2025037,STAND8,315.6465533663929
G2025037,STAND2,315.548878913527
G2025037,STAND1,315.2722401719138
G2025037,STAND11,315.2722401719138
G2025037,STAND13,315.2722401719138
G2025037,STAND14,315.2722401719138
G2025037,STAND18,315.2722401719138
G2025037,STAND20,315.2722401719138
G2025037,STAND21,315.2722401719138
G2025037,STAND3,315.2722401719138
G2025037,STAND5,315.2722401719138
G2025037,STAND6,315.2722401719138
G2025037,STAND7,315.2722401719138
G2025037,STAND10,314.3456682087579
G2025037,STAND23,313.8790507364556
G2025037,STAND12,313.04749972216314
G2025037,STAND16,311.70025531174394
G2025037,STAND22,311.0593842887409
G2025038,STAND9,351.9575634836293
G2025038,STAND18,347.4835972747688
G2025038,STAND1,346.1253812984496
G2025038,STAND5,345.64471230815786
G2025038,STAND11,344.9928500408719
G2025038,STAND12,344.9928500408719
G2025038,STAND13,344.9928500408719
G2025038,STAND15,344.9928500408719
G2025038,STAND17,344.9928500408719
G2025038,STAND19,344.9928500408719
G2025038,STAND20,344.9928500408719
G2025038,STAND21,344.9928500408719
G2025038,STAND23,344.9928500408719
G2025038,STAND24,344.9928500408719
G2025038,STAND4,344.9928500408719
G2025038,STAND6,344.9928500408719
G2025038,STAND7,344.9928500408719
G2025038,STAND14,344.9599748897403
G2025038,STAND2,344.4323654772862
G2025038,STAND3,343.8469763833701
G2025038,STAND22,343.82362925762055
G2025038,STAND10,342.85284719155396
G2025038,STAND16,342.5245138833632
G2025038,STAND8,339.39650697595914
G2025039,STAND3,382.2387028281753
G2025039,STAND13,379.12707199664146
G2025039,STAND21,378.66463525189835
G2025039,STAND14,378.5559180119355
G2025039,STAND23,378.24676810342015
G2025039,STAND1,375.76510392354334
G2025039,STAND10,375.76510392354334
G2025039,STAND11,375.76510392354334
G2025039,STAND12,375.76510392354334
G2025039,STAND15,375.76510392354334
G2025039,STAND16,375.76510392354334
G2025039,STAND17,375.76510392354334
G2025039,STAND18,375.76510392354334
G2025039,STAND19,375.76510392354334
G2025039,STAND20,375.76510392354334
G2025039,STAND22,375.76510392354334
G2025039,STAND24,375.76510392354334
G2025039,STAND4,375.76510392354334
G2025039,STAND5,375.76510392354334
G2025039,STAND6,375.76510392354334
G2025039,STAND7,375.76510392354334
G2025039,STAND9,375.76510392354334
G2025039,STAND2,374.8398838255499
G2025039,STAND8,371.13025564869196
G2025040,STAND2,379.80471402598283
G2025040,STAND1,379.46475396610265
G2025040,STAND11,379.46475396610265
G2025040,STAND12,379.46475396610265
G2025040,STAND13,379.46475396610265
G2025040,STAND15,379.46475396610265
G2025040,STAND16,379.46475396610265
G2025040,STAND18,379.46475396610265
G2025040,STAND19,379.46475396610265
G2025040,STAND21,379.46475396610265
G2025040,STAND23,379.46475396610265
G2025040,STAND24,379.46475396610265
G2025040,STAND3,379.46475396610265
G2025040,STAND4,379.46475396610265
G2025040,STAND5,379.46475396610265
G2025040,STAND6,379.46475396610265
G2025040,STAND7,379.46475396610265
G2025040,STAND8,379.46475396610265
G2025040,STAND22,379.4032690828586
G2025040,STAND9,378.37077012549685
G2025040,STAND20,377.63939869128546
G2025040,STAND10,377.59040912492827
G2025040,STAND17,377.3816231012589
G2025040,STAND14,376.8100636939328
G2025041,STAND12,381.1243149899846
G2025041,STAND15,380.8417281687345
G2025041,STAND9,379.96164250177264
G2025041,STAND4,379.1161265265795
G2025041,STAND2,379.0506993658492
G2025041,STAND1,378.774060624236
G2025041,STAND10,378.774060624236
G2025041,STAND11,378.774060624236
G2025041,STAND13,378.774060624236
G2025041,STAND14,378.774060624236
G2025041,STAND16,378.774060624236
G2025041,STAND18,378.774060624236
G2025041,STAND19,378.774060624236
G2025041,STAND20,378.774060624236
G2025041,STAND21,378.774060624236
G2025041,STAND24,378.774060624236
G2025041,STAND3,378.774060624236
G2025041,STAND5,378.774060624236
G2025041,STAND6,378.774060624236
G2025041,STAND7,378.774060624236
G2025041,STAND23,378.60453085481214
G2025041,STAND8,378.46924050855705
G2025041,STAND17,375.7094763282095
G2025041,STAND22,373.43141846799006
G2025042,STAND23,420.31162447966284
G2025042,STAND3,417.8388599899965
G2025042,STAND10,417.25891094854904
G2025042,STAND2,416.79877538815333
G2025042,STAND11,416.56347154755133
G2025042,STAND12,416.56347154755133
G2025042,STAND13,416.56347154755133
G2025042,STAND15,416.56347154755133
G2025042,STAND16,416.56347154755133
G2025042,STAND17,416.56347154755133
G2025042,STAND18,416.56347154755133
G2025042,STAND19,416.56347154755133
G2025042,STAND20,416.56347154755133
G2025042,STAND21,416.56347154755133
G2025042,STAND24,416.56347154755133
G2025042,STAND4,416.56347154755133
G2025042,STAND5,416.56347154755133
G2025042,STAND6,416.56347154755133
G2025042,STAND7,416.56347154755133
G2025042,STAND9,416.56347154755133
G2025042,STAND14,416.1324020974297
G2025042,STAND8,415.6662618538127
G2025042,STAND1,415.37182396870446
G2025042,STAND22,414.1580482813028
G2025043,STAND3,387.09327030452266
G2025043,STAND24,382.993827252054
G2025043,STAND14,381.2004956249657
G2025043,STAND2,380.72668878767155
G2025043,STAND1,380.6196713998907
G2025043,STAND10,380.6196713998907
G2025043,STAND11,380.6196713998907
G2025043,STAND12,380.6196713998907
G2025043,STAND13,380.6196713998907
G2025043,STAND15,380.6196713998907
G2025043,STAND16,380.6196713998907
G2025043,STAND17,380.6196713998907
G2025043,STAND18,380.6196713998907
G2025043,STAND19,380.6196713998907
G2025043,STAND20,380.6196713998907
G2025043,STAND21,380.6196713998907
G2025043,STAND22,380.6196713998907
G2025043,STAND4,380.6196713998907
G2025043,STAND5,380.6196713998907
G2025043,STAND6,380.6196713998907
G2025043,STAND7,380.6196713998907
G2025043,STAND9,380.6196713998907
G2025043,STAND8,378.891361466291
G2025043,STAND23,377.69202666023637
G2025044,STAND4,385.3763649583505
G2025044,STAND11,384.6877211996795
G2025044,STAND23,383.66055693315553
G2025044,STAND20,383.51921136563135
G2025044,STAND14,383.4183889988913
G2025044,STAND5,383.38513157971045
G2025044,STAND17,382.9140989783718
G2025044,STAND1,382.79926452480987
G2025044,STAND12,382.79926452480987
G2025044,STAND13,382.79926452480987
G2025044,STAND15,382.79926452480987
G2025044,STAND16,382.79926452480987
G2025044,STAND22,382.79926452480987
G2025044,STAND24,382.79926452480987
G2025044,STAND3,382.79926452480987
G2025044,STAND6,382.79926452480987
G2025044,STAND7,382.79926452480987
G2025044,STAND8,382.79926452480987
G2025044,STAND9,382.538024105685
G2025044,STAND2,382.4123880306805
G2025044,STAND19,382.2149617734252
G2025044,STAND10,381.51122043206186
G2025044,STAND21,379.16629757942957
G2025044,STAND18,374.0906792954078
G2025045,STAND24,336.4018412574273
G2025045,STAND17,335.17850758752365
G2025045,STAND12,334.7518183932664
G2025045,STAND19,334.01647353878076
G2025045,STAND9,333.80304642078175
G2025045,STAND8,333.3752667746511
G2025045,STAND4,333.3430194825155
G2025045,STAND1,333.000953580172
G2025045,STAND11,333.000953580172
G2025045,STAND13,333.000953580172
G2025045,STAND14,333.000953580172
G2025045,STAND15,333.000953580172
G2025045,STAND18,333.000953580172
G2025045,STAND2,333.000953580172
G2025045,STAND20,333.000953580172
G2025045,STAND21,333.000953580172
G2025045,STAND3,333.000953580172
G2025045,STAND5,333.000953580172
G2025045,STAND6,333.000953580172
G2025045,STAND7,333.000953580172
G2025045,STAND10,332.0743816170161
G2025045,STAND16,329.42896872000216
G2025045,STAND23,328.8727497375208
G2025045,STAND22,327.76402289349426
G2025046,STAND4,390.72508053179865
G2025046,STAND2,389.7399404789611
G2025046,STAND14,388.00552300430513
G2025046,STAND10,387.94513794447977
G2025046,STAND11,387.1091022709291
G2025046,STAND12,387.1091022709291
G2025046,STAND13,387.1091022709291
G2025046,STAND15,387.1091022709291
G2025046,STAND16,387.1091022709291
G2025046,STAND17,387.1091022709291
G2025046,STAND18,387.1091022709291
G2025046,STAND19,387.1091022709291
G2025046,STAND20,387.1091022709291
G2025046,STAND21,387.1091022709291
G2025046,STAND23,387.1091022709291
G2025046,STAND24,387.1091022709291
G2025046,STAND3,387.1091022709291
G2025046,STAND5,387.1091022709291
G2025046,STAND6,387.1091022709291
G2025046,STAND7,387.1091022709291
G2025046,STAND9,387.1091022709291
G2025046,STAND8,386.2021088920536
G2025046,STAND1,385.7748878916052
G2025046,STAND22,385.4602288808583
G2025047,STAND14,364.8921163715732
G2025047,STAND13,358.77232424525295
G2025047,STAND3,357.6439640252504
G2025047,STAND5,357.09112195995596
G2025047,STAND2,356.74497549522096
G2025047,STAND1,356.5782671225453
G2025047,STAND10,356.5782671225453
G2025047,STAND11,356.5782671225453
G2025047,STAND12,356.5782671225453
G2025047,STAND15,356.5782671225453
G2025047,STAND17,356.5782671225453
G2025047,STAND18,356.5782671225453
G2025047,STAND19,356.5782671225453
G2025047,STAND20,356.5782671225453
G2025047,STAND21,356.5782671225453
G2025047,STAND22,356.5782671225453
G2025047,STAND23,356.5782671225453
G2025047,STAND24,356.5782671225453
G2025047,STAND4,356.5782671225453
G2025047,STAND7,356.5782671225453
G2025047,STAND9,356.5782671225453
G2025047,STAND16,356.2237340634048
G2025047,STAND8,354.84593336145315
G2025047,STAND6,354.70310044054213
G2025048,STAND7,392.3220290079104
G2025048,STAND14,391.63900318635507
G2025048,STAND24,391.32437459307937
G2025048,STAND1,390.05432305140465
G2025048,STAND10,390.05432305140465
G2025048,STAND11,390.05432305140465
G2025048,STAND12,390.05432305140465
G2025048,STAND13,390.05432305140465
G2025048,STAND15,390.05432305140465
G2025048,STAND16,390.05432305140465
G2025048,STAND17,390.05432305140465
G2025048,STAND18,390.05432305140465
G2025048,STAND19,390.05432305140465
G2025048,STAND20,390.05432305140465
G2025048,STAND21,390.05432305140465
G2025048,STAND22,390.05432305140465
G2025048,STAND4,390.05432305140465
G2025048,STAND5,390.05432305140465
G2025048,STAND6,390.05432305140465
G2025048,STAND2,389.5237342102018
G2025048,STAND8,388.32601311780496
G2025048,STAND3,387.9035897085728
G2025048,STAND23,387.1266783117503
G2025048,STAND9,384.41986241554525
G2025049,STAND20,429.8373257054235
G2025049,STAND14,427.8960044634414
G2025049,STAND2,427.7680115361591
G2025049,STAND1,427.42805147627894
G2025049,STAND11,427.42805147627894
G2025049,STAND12,427.42805147627894
G2025049,STAND13,427.42805147627894
G2025049,STAND15,427.42805147627894
G2025049,STAND16,427.42805147627894
G2025049,STAND18,427.42805147627894
G2025049,STAND19,427.42805147627894
G2025049,STAND21,427.42805147627894
G2025049,STAND23,427.42805147627894
G2025049,STAND24,427.42805147627894
G2025049,STAND3,427.42805147627894
G2025049,STAND4,427.42805147627894
G2025049,STAND5,427.42805147627894
G2025049,STAND6,427.42805147627894
G2025049,STAND7,427.42805147627894
G2025049,STAND8,427.42805147627894
G2025049,STAND9,427.4124645119634
G2025049,STAND22,427.3665665930349
G2025049,STAND10,425.653868586624
G2025049,STAND17,425.3491729319936
G2025050,STAND13,439.7764758569598
G2025050,STAND17,439.02221293712415
G2025050,STAND1,435.49900428631975
G2025050,STAND10,435.49900428631975
G2025050,STAND11,435.49900428631975
G2025050,STAND12,435.49900428631975
G2025050,STAND14,435.49900428631975
G2025050,STAND15,435.49900428631975
G2025050,STAND18,435.49900428631975
G2025050,STAND19,435.49900428631975
G2025050,STAND20,435.49900428631975
G2025050,STAND22,435.49900428631975
G2025050,STAND23,435.49900428631975
G2025050,STAND24,435.49900428631975
G2025050,STAND3,435.49900428631975
G2025050,STAND4,435.49900428631975
G2025050,STAND5,435.49900428631975
G2025050,STAND7,435.49900428631975
G2025050,STAND9,435.49900428631975
G2025050,STAND16,435.1444712271792
G2025050,STAND2,434.38828759980737
G2025050,STAND21,434.19680442973146
G2025050,STAND6,433.5383089881071
G2025050,STAND8,424.4768977767787
G2025051,STAND3,335.82768521572655
G2025051,STAND23,335.4978802137795
G2025051,STAND12,335.0996894648707
G2025051,STAND9,334.3846178619831
G2025051,STAND4,334.0349304139886
G2025051,STAND8,333.84870837336894
G2025051,STAND1,333.6928645116451
G2025051,STAND10,333.6928645116451
G2025051,STAND11,333.6928645116451
G2025051,STAND13,333.6928645116451
G2025051,STAND14,333.6928645116451
G2025051,STAND15,333.6928645116451
G2025051,STAND16,333.6928645116451
G2025051,STAND18,333.6928645116451
G2025051,STAND2,333.6928645116451
G2025051,STAND20,333.6928645116451
G2025051,STAND21,333.6928645116451
G2025051,STAND24,333.6928645116451
G2025051,STAND5,333.6928645116451
G2025051,STAND6,333.6928645116451
G2025051,STAND7,333.6928645116451
G2025051,STAND19,333.6571601291049
G2025051,STAND17,330.62828021561864
G2025051,STAND22,330.28748419493036
G2025052,STAND13,372.2043802108288
G2025052,STAND8,359.51056017508455
G2025052,STAND1,359.1678330690602
G2025052,STAND10,359.1678330690602
G2025052,STAND11,359.1678330690602
G2025052,STAND12,359.1678330690602
G2025052,STAND14,359.1678330690602
G2025052,STAND15,359.1678330690602
G2025052,STAND16,359.1678330690602
G2025052,STAND17,359.1678330690602
G2025052,STAND18,359.1678330690602
G2025052,STAND19,359.1678330690602
G2025052,STAND2,359.1678330690602
G2025052,STAND20,359.1678330690602
G2025052,STAND21,359.1678330690602
G2025052,STAND22,359.1678330690602
G2025052,STAND23,359.1678330690602
G2025052,STAND24,359.1678330690602
G2025052,STAND3,359.1678330690602
G2025052,STAND4,359.1678330690602
G2025052,STAND5,359.1678330690602
G2025052,STAND7,359.1678330690602
G2025052,STAND9,359.1678330690602
G2025052,STAND6,356.80257660475155
G2025053,STAND18,397.12745586159275
G2025053,STAND21,392.9848799544953
G2025053,STAND23,392.58484704493674
G2025053,STAND19,391.88790078186815
G2025053,STAND14,391.828248626777
G2025053,STAND2,390.1837754937285
G2025053,STAND10,390.07675810594765
G2025053,STAND11,390.07675810594765
G2025053,STAND12,390.07675810594765
G2025053,STAND13,390.07675810594765
G2025053,STAND16,390.07675810594765
G2025053,STAND17,390.07675810594765
G2025053,STAND20,390.07675810594765
G2025053,STAND22,390.07675810594765
G2025053,STAND24,390.07675810594765
G2025053,STAND3,390.07675810594765
G2025053,STAND4,390.07675810594765
G2025053,STAND5,390.07675810594765
G2025053,STAND6,390.07675810594765
G2025053,STAND7,390.07675810594765
G2025053,STAND9,390.07675810594765
G2025053,STAND1,389.87830504878
G2025053,STAND8,388.2712994039327
G2025053,STAND15,387.5440044554845
G2025054,STAND20,421.26332576167687
G2025054,STAND23,419.61215674506525
G2025054,STAND14,419.53576502227185
G2025054,STAND5,419.33673139162016
G2025054,STAND1,418.7508643367196
G2025054,STAND11,418.7508643367196
G2025054,STAND12,418.7508643367196
G2025054,STAND13,418.7508643367196
G2025054,STAND15,418.7508643367196
G2025054,STAND16,418.7508643367196
G2025054,STAND22,418.7508643367196
G2025054,STAND24,418.7508643367196
G2025054,STAND3,418.7508643367196
G2025054,STAND6,418.7508643367196
G2025054,STAND7,418.7508643367196
G2025054,STAND8,418.7508643367196
G2025054,STAND9,418.735277372404
G2025054,STAND2,418.36398784259023
G2025054,STAND19,418.16656158533493
G2025054,STAND4,417.5071422399024
G2025054,STAND10,416.08123309266574
G2025054,STAND21,415.1178973913393
G2025054,STAND17,414.7504008212516
G2025054,STAND18,410.04227910731754
G2025055,STAND6,398.1386825417685
G2025055,STAND13,396.14213712654146
G2025055,STAND12,395.9228034507989
G2025055,STAND19,395.1903743242578
G2025055,STAND9,394.866607715987
G2025055,STAND4,394.18333628258085
G2025055,STAND1,394.174854365649
G2025055,STAND10,394.174854365649
G2025055,STAND11,394.174854365649
G2025055,STAND14,394.174854365649
G2025055,STAND15,394.174854365649
G2025055,STAND16,394.174854365649
G2025055,STAND18,394.174854365649
G2025055,STAND2,394.174854365649
G2025055,STAND20,394.174854365649
G2025055,STAND21,394.174854365649
G2025055,STAND24,394.174854365649
G2025055,STAND3,394.174854365649
G2025055,STAND5,394.174854365649
G2025055,STAND8,393.8700342499701
G2025055,STAND23,393.76187449114144
G2025055,STAND7,392.53332075808095
G2025055,STAND22,390.7694740489343
G2025055,STAND17,390.1669176793995
G2025056,STAND8,348.8416955004425
G2025056,STAND2,348.0389116254811
G2025056,STAND11,348.03662620903793
G2025056,STAND12,348.03662620903793
G2025056,STAND13,348.03662620903793
G2025056,STAND15,348.03662620903793
G2025056,STAND16,348.03662620903793
G2025056,STAND17,348.03662620903793
G2025056,STAND18,348.03662620903793
G2025056,STAND19,348.03662620903793
G2025056,STAND20,348.03662620903793
G2025056,STAND21,348.03662620903793
G2025056,STAND23,348.03662620903793
G2025056,STAND24,348.03662620903793
G2025056,STAND4,348.03662620903793
G2025056,STAND5,348.03662620903793
G2025056,STAND6,348.03662620903793
G2025056,STAND7,348.03662620903793
G2025056,STAND9,348.03662620903793
G2025056,STAND14,347.90717714606046
G2025056,STAND1,347.88994364638
G2025056,STAND3,346.89075255153614
G2025056,STAND22,346.76914818089153
G2025056,STAND10,346.3548965739737
G2025057,STAND13,433.7795602602439
G2025057,STAND2,429.6687970622795
G2025057,STAND1,429.50208868960385
G2025057,STAND10,429.50208868960385
G2025057,STAND11,429.50208868960385
G2025057,STAND12,429.50208868960385
G2025057,STAND14,429.50208868960385
G2025057,STAND15,429.50208868960385
G2025057,STAND17,429.50208868960385
G2025057,STAND18,429.50208868960385
G2025057,STAND19,429.50208868960385
G2025057,STAND20,429.50208868960385
G2025057,STAND21,429.50208868960385
G2025057,STAND22,429.50208868960385
G2025057,STAND23,429.50208868960385
G2025057,STAND24,429.50208868960385
G2025057,STAND3,429.50208868960385
G2025057,STAND4,429.50208868960385
G2025057,STAND5,429.50208868960385
G2025057,STAND7,429.50208868960385
G2025057,STAND9,429.50208868960385
G2025057,STAND16,429.14755563046333
G2025057,STAND6,427.72897529799735
G2025057,STAND8,427.63400034592524
G2025058,STAND13,322.11618642777603
G2025058,STAND3,321.19883122617085
G2025058,STAND2,316.34658053716157
G2025058,STAND10,316.23956314938073
G2025058,STAND11,316.23956314938073
G2025058,STAND12,316.23956314938073
G2025058,STAND15,316.23956314938073
G2025058,STAND16,316.23956314938073
G2025058,STAND17,316.23956314938073
G2025058,STAND18,316.23956314938073
G2025058,STAND19,316.23956314938073
G2025058,STAND21,316.23956314938073
G2025058,STAND22,316.23956314938073
G2025058,STAND24,316.23956314938073
G2025058,STAND4,316.23956314938073
G2025058,STAND5,316.23956314938073
G2025058,STAND6,316.23956314938073
G2025058,STAND7,316.23956314938073
G2025058,STAND9,316.23956314938073
G2025058,STAND14,316.0473922594985
G2025058,STAND1,316.0411100922131
G2025058,STAND20,315.8308365822358
G2025058,STAND8,315.16908696255337
G2025058,STAND23,312.337738694291
G2025059,STAND1,336.4903231332123
G2025059,STAND3,335.26673588079274
G2025059,STAND2,333.0784669063039
G2025059,STAND11,333.07618148986074
G2025059,STAND12,333.07618148986074
G2025059,STAND13,333.07618148986074
G2025059,STAND15,333.07618148986074
G2025059,STAND16,333.07618148986074
G2025059,STAND17,333.07618148986074
G2025059,STAND18,333.07618148986074
G2025059,STAND19,333.07618148986074
G2025059,STAND20,333.07618148986074
G2025059,STAND21,333.07618148986074
G2025059,STAND23,333.07618148986074
G2025059,STAND24,333.07618148986074
G2025059,STAND4,333.07618148986074
G2025059,STAND5,333.07618148986074
G2025059,STAND6,333.07618148986074
G2025059,STAND7,333.07618148986074
G2025059,STAND9,333.07618148986074
G2025059,STAND14,332.9467324268833
G2025059,STAND8,332.16918811098526
G2025059,STAND22,331.80870346171434
G2025059,STAND10,331.3944518547965
G2025060,STAND9,311.39038923120705
G2025060,STAND17,309.7460929017363
G2025060,STAND1,308.9787302222051
G2025060,STAND18,308.57138870936126
G2025060,STAND2,306.77106489017905
G2025060,STAND5,306.73250374275034
G2025060,STAND12,306.08064147546435
G2025060,STAND13,306.08064147546435
G2025060,STAND15,306.08064147546435
G2025060,STAND19,306.08064147546435
G2025060,STAND21,306.08064147546435
G2025060,STAND23,306.08064147546435
G2025060,STAND24,306.08064147546435
G2025060,STAND4,306.08064147546435
G2025060,STAND6,306.08064147546435
G2025060,STAND7,306.08064147546435
G2025060,STAND14,306.04776632433277
G2025060,STAND3,304.93476781796255
G2025060,STAND16,303.6123053179557
G2025060,STAND10,302.6153448543028
G2025060,STAND22,301.06759662338453
G2025060,STAND8,299.9666206599031
G2025060,STAND20,297.0657984452146
G2025060,STAND11,296.9066144244508
G2025061,STAND9,455.1735927511554
G2025061,STAND17,450.8968613032955
G2025061,STAND12,450.63994309789484
G2025061,STAND4,449.58359408655264
G2025061,STAND2,449.1686327543582
G2025061,STAND1,448.891994012745
G2025061,STAND10,448.891994012745
G2025061,STAND11,448.891994012745
G2025061,STAND13,448.891994012745
G2025061,STAND14,448.891994012745
G2025061,STAND15,448.891994012745
G2025061,STAND16,448.891994012745
G2025061,STAND19,448.891994012745
G2025061,STAND20,448.891994012745
G2025061,STAND21,448.891994012745
G2025061,STAND24,448.891994012745
G2025061,STAND3,448.891994012745
G2025061,STAND5,448.891994012745
G2025061,STAND6,448.891994012745
G2025061,STAND7,448.891994012745
G2025061,STAND8,448.37361839084207
G2025061,STAND23,447.50070277145113
G2025061,STAND18,446.8964286942539
G2025061,STAND22,439.49064160495266
G2025062,STAND23,437.00929725164747
G2025062,STAND20,436.8679516841233
G2025062,STAND14,436.76712931738325
G2025062,STAND5,436.7338718982024
G2025062,STAND9,436.55110102785045
G2025062,STAND17,436.2628392968637
G2025062,STAND1,436.1480048433018
G2025062,STAND11,436.1480048433018
G2025062,STAND12,436.1480048433018
G2025062,STAND13,436.1480048433018
G2025062,STAND15,436.1480048433018
G2025062,STAND16,436.1480048433018
G2025062,STAND22,436.1480048433018
G2025062,STAND24,436.1480048433018
G2025062,STAND3,436.1480048433018
G2025062,STAND6,436.1480048433018
G2025062,STAND7,436.1480048433018
G2025062,STAND8,436.1480048433018
G2025062,STAND2,435.76112834917245
G2025062,STAND19,435.56370209191715
G2025062,STAND4,434.9042827464846
G2025062,STAND10,434.0646743476743
G2025062,STAND21,432.5150378979215
G2025062,STAND18,427.43941961389976
G2025063,STAND8,426.3457056788668
G2025063,STAND13,426.3281024703217
G2025063,STAND1,421.84948511079324
G2025063,STAND10,421.84948511079324
G2025063,STAND11,421.84948511079324
G2025063,STAND12,421.84948511079324
G2025063,STAND14,421.84948511079324
G2025063,STAND15,421.84948511079324
G2025063,STAND16,421.84948511079324
G2025063,STAND17,421.84948511079324
G2025063,STAND18,421.84948511079324
G2025063,STAND19,421.84948511079324
G2025063,STAND2,421.84948511079324
G2025063,STAND20,421.84948511079324
G2025063,STAND21,421.84948511079324
G2025063,STAND22,421.84948511079324
G2025063,STAND23,421.84948511079324
G2025063,STAND24,421.84948511079324
G2025063,STAND3,421.84948511079324
G2025063,STAND4,421.84948511079324
G2025063,STAND5,421.84948511079324
G2025063,STAND7,421.84948511079324
G2025063,STAND9,421.84948511079324
G2025063,STAND6,420.11022156142093
G2025064,STAND14,390.16408176437324
G2025064,STAND2,389.6078788949017
G2025064,STAND10,389.5008615071209
G2025064,STAND11,389.5008615071209
G2025064,STAND12,389.5008615071209
G2025064,STAND13,389.5008615071209
G2025064,STAND15,389.5008615071209
G2025064,STAND16,389.5008615071209
G2025064,STAND17,389.5008615071209
G2025064,STAND18,389.5008615071209
G2025064,STAND19,389.5008615071209
G2025064,STAND20,389.5008615071209
G2025064,STAND21,389.5008615071209
G2025064,STAND22,389.5008615071209
G2025064,STAND24,389.5008615071209
G2025064,STAND3,389.5008615071209
G2025064,STAND4,389.5008615071209
G2025064,STAND5,389.5008615071209
G2025064,STAND6,389.5008615071209
G2025064,STAND7,389.5008615071209
G2025064,STAND9,389.5008615071209
G2025064,STAND1,389.30240844995325
G2025064,STAND8,389.05414299757075
G2025064,STAND23,386.16571331440156
G2025065,STAND13,341.09778029628353
G2025065,STAND14,333.9898956913998
G2025065,STAND18,333.4949119969259
G2025065,STAND19,332.2475752447163
G2025065,STAND20,331.49574270203254
G2025065,STAND17,331.26295673223706
G2025065,STAND9,330.72080539960746
G2025065,STAND1,330.3355303384494
G2025065,STAND11,330.3355303384494
G2025065,STAND12,330.3355303384494
G2025065,STAND15,330.3355303384494
G2025065,STAND16,330.3355303384494
G2025065,STAND23,330.3355303384494
G2025065,STAND24,330.3355303384494
G2025065,STAND3,330.3355303384494
G2025065,STAND4,330.3355303384494
G2025065,STAND5,330.3355303384494
G2025065,STAND6,330.3355303384494
G2025065,STAND7,330.3355303384494
G2025065,STAND8,330.3355303384494
G2025065,STAND2,330.26911766191876
G2025065,STAND22,329.6213124893602
G2025065,STAND10,329.03494838666006
G2025065,STAND21,328.8418996390061
G2025066,STAND6,452.5298870806108
G2025066,STAND23,451.3672564437768
G2025066,STAND13,450.5333416653838
G2025066,STAND12,450.3140079896412
G2025066,STAND19,449.5815788631001
G2025066,STAND9,449.25781225482933
G2025066,STAND4,448.57454082142317
G2025066,STAND1,448.56605890449134
G2025066,STAND10,448.56605890449134
G2025066,STAND11,448.56605890449134
G2025066,STAND14,448.56605890449134
G2025066,STAND15,448.56605890449134
G2025066,STAND16,448.56605890449134
G2025066,STAND2,448.56605890449134
G2025066,STAND20,448.56605890449134
G2025066,STAND21,448.56605890449134
G2025066,STAND24,448.56605890449134
G2025066,STAND3,448.56605890449134
G2025066,STAND5,448.56605890449134
G2025066,STAND7,448.56605890449134
G2025066,STAND8,448.2612387888124
G2025066,STAND22,446.40966026152506
G2025066,STAND17,444.5581222182418
G2025066,STAND18,430.89713087682514
G2025067,STAND2,412.86726266587544
G2025067,STAND1,412.13214186823313
G2025067,STAND11,408.10121511366907
G2025067,STAND12,408.10121511366907
G2025067,STAND13,408.10121511366907
G2025067,STAND15,408.10121511366907
G2025067,STAND16,408.10121511366907
G2025067,STAND17,408.10121511366907
G2025067,STAND18,408.10121511366907
G2025067,STAND19,408.10121511366907
G2025067,STAND20,408.10121511366907
G2025067,STAND21,408.10121511366907
G2025067,STAND23,408.10121511366907
G2025067,STAND24,408.10121511366907
G2025067,STAND4,408.10121511366907
G2025067,STAND5,408.10121511366907
G2025067,STAND6,408.10121511366907
G2025067,STAND7,408.10121511366907
G2025067,STAND9,408.10121511366907
G2025067,STAND14,407.9717660506916
G2025067,STAND8,407.1942217347936
G2025067,STAND3,406.9553414561673
G2025067,STAND22,406.71282356733406
G2025067,STAND10,406.4194854786048
G2025068,STAND19,413.4509287723156
G2025068,STAND13,411.5289067211522
G2025068,STAND17,409.55788709256393
G2025068,STAND1,406.0346784417595
G2025068,STAND10,406.0346784417595
G2025068,STAND11,406.0346784417595
G2025068,STAND12,406.0346784417595
G2025068,STAND14,406.0346784417595
G2025068,STAND15,406.0346784417595
G2025068,STAND18,406.0346784417595
G2025068,STAND20,406.0346784417595
G2025068,STAND22,406.0346784417595
G2025068,STAND23,406.0346784417595
G2025068,STAND24,406.0346784417595
G2025068,STAND3,406.0346784417595
G2025068,STAND4,406.0346784417595
G2025068,STAND5,406.0346784417595
G2025068,STAND7,406.0346784417595
G2025068,STAND9,406.0346784417595
G2025068,STAND16,405.680145382619
G2025068,STAND6,405.4466466106309
G2025068,STAND2,404.92396175524715
G2025068,STAND21,404.73247858517124
G2025068,STAND8,395.01257193221846
G2025069,STAND21,315.08407193344055
G2025069,STAND19,313.9195182936611
G2025069,STAND18,313.57199615296145
G2025069,STAND15,312.8544503044596
G2025069,STAND10,311.054867889755
G2025069,STAND11,311.054867889755
G2025069,STAND12,311.054867889755
G2025069,STAND13,311.054867889755
G2025069,STAND16,311.054867889755
G2025069,STAND17,311.054867889755
G2025069,STAND22,311.054867889755
G2025069,STAND24,311.054867889755
G2025069,STAND3,311.054867889755
G2025069,STAND4,311.054867889755
G2025069,STAND5,311.054867889755
G2025069,STAND6,311.054867889755
G2025069,STAND7,311.054867889755
G2025069,STAND9,311.054867889755
G2025069,STAND14,310.99650997975994
G2025069,STAND1,310.85641483258735
G2025069,STAND2,310.4998208523732
G2025069,STAND8,310.2524399923934
G2025069,STAND20,309.78763199928585
G2025069,STAND23,302.32081291825216
G2025070,STAND9,402.5440628091079
G2025070,STAND1,401.69178805891886
G2025070,STAND11,401.69178805891886
G2025070,STAND12,401.69178805891886
G2025070,STAND13,401.69178805891886
G2025070,STAND15,401.69178805891886
G2025070,STAND16,401.69178805891886
G2025070,STAND18,401.69178805891886
G2025070,STAND19,401.69178805891886
G2025070,STAND21,401.69178805891886
G2025070,STAND23,401.69178805891886
G2025070,STAND24,401.69178805891886
G2025070,STAND3,401.69178805891886
G2025070,STAND4,401.69178805891886
G2025070,STAND5,401.69178805891886
G2025070,STAND6,401.69178805891886
G2025070,STAND7,401.69178805891886
G2025070,STAND8,401.69178805891886
G2025070,STAND22,401.63030317567484
G2025070,STAND2,401.6253753823882
G2025070,STAND10,400.3912061071295
G2025070,STAND14,399.7818960063723
G2025070,STAND17,399.60865719407514
G2025070,STAND20,398.9610075574698
G2025071,STAND9,332.9994780296352
G2025071,STAND4,332.15396205444205
G2025071,STAND2,332.08853489371177
G2025071,STAND8,331.9677400138224
G2025071,STAND1,331.81189615209854
G2025071,STAND10,331.81189615209854
G2025071,STAND11,331.81189615209854
G2025071,STAND13,331.81189615209854
G2025071,STAND14,331.81189615209854
G2025071,STAND15,331.81189615209854
G2025071,STAND16,331.81189615209854
G2025071,STAND18,331.81189615209854
G2025071,STAND19,331.81189615209854
G2025071,STAND20,331.81189615209854
G2025071,STAND21,331.81189615209854
G2025071,STAND24,331.81189615209854
G2025071,STAND3,331.81189615209854
G2025071,STAND5,331.81189615209854
G2025071,STAND6,331.81189615209854
G2025071,STAND7,331.81189615209854
G2025071,STAND22,330.4871321755268
G2025071,STAND23,329.72509783615664
G2025071,STAND12,329.41357448748937
G2025071,STAND17,328.7473118560721
G2025072,STAND8,448.6812828330178
G2025072,STAND2,441.4013268268069
G2025072,STAND10,440.80197100670335
G2025072,STAND14,440.40427767508316
G2025072,STAND11,440.10653160570564
G2025072,STAND12,440.10653160570564
G2025072,STAND13,440.10653160570564
G2025072,STAND15,440.10653160570564
G2025072,STAND16,440.10653160570564
G2025072,STAND17,440.10653160570564
G2025072,STAND18,440.10653160570564
G2025072,STAND19,440.10653160570564
G2025072,STAND20,440.10653160570564
G2025072,STAND21,440.10653160570564
G2025072,STAND23,440.10653160570564
G2025072,STAND24,440.10653160570564
G2025072,STAND4,440.10653160570564
G2025072,STAND5,440.10653160570564
G2025072,STAND6,440.10653160570564
G2025072,STAND7,440.10653160570564
G2025072,STAND9,440.10653160570564
G2025072,STAND1,439.4729468957083
G2025072,STAND3,438.96065794820385
G2025072,STAND22,437.5801948212685
G2025073,STAND13,449.72427179577943
G2025073,STAND17,448.9700088759438
G2025073,STAND1,445.4468002251394
G2025073,STAND10,445.4468002251394
G2025073,STAND11,445.4468002251394
G2025073,STAND12,445.4468002251394
G2025073,STAND14,445.4468002251394
G2025073,STAND15,445.4468002251394
G2025073,STAND18,445.4468002251394
G2025073,STAND19,445.4468002251394
G2025073,STAND20,445.4468002251394
G2025073,STAND22,445.4468002251394
G2025073,STAND23,445.4468002251394
G2025073,STAND24,445.4468002251394
G2025073,STAND3,445.4468002251394
G2025073,STAND4,445.4468002251394
G2025073,STAND5,445.4468002251394
G2025073,STAND7,445.4468002251394
G2025073,STAND9,445.4468002251394
G2025073,STAND16,445.09226716599886
G2025073,STAND2,444.336083538627
G2025073,STAND21,444.1446003685511
G2025073,STAND6,443.4861049269267
G2025073,STAND8,434.4246937155983
G2025074,STAND14,427.78510155595535
G2025074,STAND2,427.1345730210222
G2025074,STAND10,427.121881298703
G2025074,STAND11,427.121881298703
G2025074,STAND12,427.121881298703
G2025074,STAND13,427.121881298703
G2025074,STAND15,427.121881298703
G2025074,STAND16,427.121881298703
G2025074,STAND17,427.121881298703
G2025074,STAND18,427.121881298703
G2025074,STAND19,427.121881298703
G2025074,STAND20,427.121881298703
G2025074,STAND21,427.121881298703
G2025074,STAND22,427.121881298703
G2025074,STAND24,427.121881298703
G2025074,STAND3,427.121881298703
G2025074,STAND4,427.121881298703
G2025074,STAND5,427.121881298703
G2025074,STAND6,427.121881298703
G2025074,STAND7,427.121881298703
G2025074,STAND9,427.121881298703
G2025074,STAND1,426.92342824153536
G2025074,STAND8,426.67516278915286
G2025074,STAND23,424.19423655904865
G2025075,STAND20,420.4833769289386
G2025075,STAND10,406.93297096026936
G2025075,STAND14,406.8044058934355
G2025075,STAND2,406.52524147923424
G2025075,STAND17,406.4215509728765
G2025075,STAND22,406.21364844409413
G2025075,STAND1,406.18528141935406
G2025075,STAND11,406.18528141935406
G2025075,STAND12,406.18528141935406
G2025075,STAND15,406.18528141935406
G2025075,STAND16,406.18528141935406
G2025075,STAND18,406.18528141935406
G2025075,STAND19,406.18528141935406
G2025075,STAND21,406.18528141935406
G2025075,STAND23,406.18528141935406
G2025075,STAND24,406.18528141935406
G2025075,STAND3,406.18528141935406
G2025075,STAND4,406.18528141935406
G2025075,STAND5,406.18528141935406
G2025075,STAND6,406.18528141935406
G2025075,STAND7,406.18528141935406
G2025075,STAND8,406.18528141935406
G2025075,STAND9,405.02102246796835
G2025075,STAND13,400.9766685207437
G2025076,STAND12,411.5424773496482
G2025076,STAND15,411.2598905283981
G2025076,STAND13,411.1330868730024
G2025076,STAND19,410.20774294250833
G2025076,STAND9,409.88397633423756
G2025076,STAND4,409.5342888862431
G2025076,STAND1,409.19222298389957
G2025076,STAND10,409.19222298389957
G2025076,STAND11,409.19222298389957
G2025076,STAND14,409.19222298389957
G2025076,STAND16,409.19222298389957
G2025076,STAND18,409.19222298389957
G2025076,STAND2,409.19222298389957
G2025076,STAND20,409.19222298389957
G2025076,STAND21,409.19222298389957
G2025076,STAND24,409.19222298389957
G2025076,STAND3,409.19222298389957
G2025076,STAND5,409.19222298389957
G2025076,STAND6,409.19222298389957
G2025076,STAND7,409.19222298389957
G2025076,STAND8,408.88740286822065
G2025076,STAND23,407.7016614940233
G2025076,STAND22,407.0358243409333
G2025076,STAND17,406.1276386878731
G2025077,STAND2,439.2235136448429
G2025077,STAND10,437.6092086986477
G2025077,STAND14,436.6134828154346
G2025077,STAND11,436.3157367460571
G2025077,STAND12,436.3157367460571
G2025077,STAND13,436.3157367460571
G2025077,STAND15,436.3157367460571
G2025077,STAND16,436.3157367460571
G2025077,STAND17,436.3157367460571
G2025077,STAND18,436.3157367460571
G2025077,STAND19,436.3157367460571
G2025077,STAND20,436.3157367460571
G2025077,STAND21,436.3157367460571
G2025077,STAND23,436.3157367460571
G2025077,STAND24,436.3157367460571
G2025077,STAND4,436.3157367460571
G2025077,STAND5,436.3157367460571
G2025077,STAND6,436.3157367460571
G2025077,STAND7,436.3157367460571
G2025077,STAND9,436.3157367460571
G2025077,STAND8,435.4185270523185
G2025077,STAND3,435.1698630885553
G2025077,STAND1,435.12408916721023
G2025077,STAND22,434.8248840229655
G2025078,STAND18,346.1130240822833
G2025078,STAND23,341.9306314988126
G2025078,STAND2,340.6346882270725
G2025078,STAND1,340.46797985439684
G2025078,STAND10,340.46797985439684
G2025078,STAND11,340.46797985439684
G2025078,STAND12,340.46797985439684
G2025078,STAND14,340.46797985439684
G2025078,STAND15,340.46797985439684
G2025078,STAND19,340.46797985439684
G2025078,STAND20,340.46797985439684
G2025078,STAND21,340.46797985439684
G2025078,STAND24,340.46797985439684
G2025078,STAND3,340.46797985439684
G2025078,STAND4,340.46797985439684
G2025078,STAND5,340.46797985439684
G2025078,STAND7,340.46797985439684
G2025078,STAND16,340.1134467952563
G2025078,STAND22,338.9376805458345
G2025078,STAND17,338.7609289337217
G2025078,STAND8,338.7356460933047
G2025078,STAND6,338.5928131723937
G2025078,STAND13,332.23859665980785
G2025078,STAND9,325.9678128890394
G2025079,STAND13,354.9259814507461
G2025079,STAND8,349.9919304905274
G2025079,STAND20,349.7727140072512
G2025079,STAND2,349.15637556013166
G2025079,STAND10,349.0493581723508
G2025079,STAND11,349.0493581723508
G2025079,STAND12,349.0493581723508
G2025079,STAND15,349.0493581723508
G2025079,STAND16,349.0493581723508
G2025079,STAND17,349.0493581723508
G2025079,STAND18,349.0493581723508
G2025079,STAND19,349.0493581723508
G2025079,STAND21,349.0493581723508
G2025079,STAND22,349.0493581723508
G2025079,STAND24,349.0493581723508
G2025079,STAND3,349.0493581723508
G2025079,STAND4,349.0493581723508
G2025079,STAND5,349.0493581723508
G2025079,STAND6,349.0493581723508
G2025079,STAND7,349.0493581723508
G2025079,STAND9,349.0493581723508
G2025079,STAND1,348.8509051151832
G2025079,STAND23,345.67211946995604
G2025079,STAND14,336.91649425219686
G2025080,STAND18,403.5117765316396
G2025080,STAND19,402.26443977943
G2025080,STAND20,402.2442078868923
G2025080,STAND14,401.7446545693841
G2025080,STAND9,400.73766993432116
G2025080,STAND1,400.3523948731631
G2025080,STAND11,400.3523948731631
G2025080,STAND12,400.3523948731631
G2025080,STAND13,400.3523948731631
G2025080,STAND15,400.3523948731631
G2025080,STAND16,400.3523948731631
G2025080,STAND23,400.3523948731631
G2025080,STAND24,400.3523948731631
G2025080,STAND3,400.3523948731631
G2025080,STAND4,400.3523948731631
G2025080,STAND5,400.3523948731631
G2025080,STAND6,400.3523948731631
G2025080,STAND7,400.3523948731631
G2025080,STAND8,400.3523948731631
G2025080,STAND22,400.2909099899191
G2025080,STAND2,400.28598219663246
G2025080,STAND10,399.05181292137377
G2025080,STAND21,398.8587641737198
G2025080,STAND17,397.4963681815079
G2025081,STAND15,389.81343233062296
G2025081,STAND2,389.7729490316524
G2025081,STAND24,388.38544421247076
G2025081,STAND5,388.3596432294939
G2025081,STAND17,388.01181067296915
G2025081,STAND18,387.7772286183516
G2025081,STAND10,386.79275948078094
G2025081,STAND11,386.79275948078094
G2025081,STAND12,386.79275948078094
G2025081,STAND16,386.79275948078094
G2025081,STAND19,386.79275948078094
G2025081,STAND20,386.79275948078094
G2025081,STAND22,386.79275948078094
G2025081,STAND3,386.79275948078094
G2025081,STAND4,386.79275948078094
G2025081,STAND6,386.79275948078094
G2025081,STAND9,386.79275948078094
G2025081,STAND1,386.5943064236133
G2025081,STAND8,386.3460409712308
G2025081,STAND13,386.032252064551
G2025081,STAND21,385.53106292445426
G2025081,STAND14,385.4689447407678
G2025081,STAND23,383.83868998201433
G2025081,STAND7,382.6239383975738
